station_id,Bundesland,filename,has_full_2024,start_date_2024,end_date_2024,coverage_percentage
3,Nordrhein-Westfalen,3.csv,No,,,0.00%
44,Niedersachsen,44.csv,Yes,2024-01-01,2024-12-31,100.00%
52,Schleswig-Holstein,52.csv,No,,,0.00%
71,Baden-Württemberg,71.csv,No,,,0.00%
73,Bayern,73.csv,Yes,2024-01-01,2024-12-31,100.00%
78,Niedersachsen,78.csv,Yes,2024-01-01,2024-12-31,100.00%
91,Hessen,91.csv,Yes,2024-01-01,2024-12-31,100.00%
96,Brandenburg,96.csv,Yes,2024-01-01,2024-12-31,100.00%
102,Niedersachsen,102.csv,No,2024-01-01,2024-09-02,65.44%
125,Bayern,125.csv,Yes,2024-01-01,2024-12-31,99.66%
131,Sachsen,131.csv,Yes,2024-01-01,2024-12-31,100.00%
142,Bayern,142.csv,Yes,2024-01-01,2024-12-31,100.00%
150,Rheinland-Pfalz,150.csv,No,2024-01-01,2024-12-31,91.43%
151,Bayern,151.csv,Yes,2024-01-01,2024-12-31,100.00%
154,Bayern,154.csv,Yes,2024-01-01,2024-12-31,100.00%
161,Rheinland-Pfalz,161.csv,Yes,2024-01-01,2024-12-31,100.00%
164,Brandenburg,164.csv,Yes,2024-01-01,2024-12-31,100.00%
167,Mecklenburg-Vorpommern,167.csv,Yes,2024-01-01,2024-12-31,100.00%
175,Bayern,175.csv,No,,,0.00%
181,Sachsen-Anhalt,181.csv,No,,,0.00%
183,Mecklenburg-Vorpommern,183.csv,Yes,2024-01-01,2024-12-31,100.00%
191,Bayern,191.csv,Yes,2024-01-01,2024-12-31,100.00%
198,Thüringen,198.csv,Yes,2024-01-01,2024-12-31,100.00%
217,Bayern,217.csv,Yes,2024-01-01,2024-12-31,100.00%
222,Sachsen,222.csv,Yes,2024-01-01,2024-12-31,100.00%
232,Bayern,232.csv,Yes,2024-01-01,2024-12-31,98.93%
257,Baden-Württemberg,257.csv,Yes,2024-01-01,2024-12-31,100.00%
259,Baden-Württemberg,259.csv,Yes,2024-01-01,2024-12-31,100.00%
282,Bayern,282.csv,Yes,2024-01-01,2024-12-31,100.00%
284,Bayern,284.csv,No,,,0.00%
294,Niedersachsen,294.csv,Yes,2024-01-01,2024-12-31,100.00%
298,Mecklenburg-Vorpommern,298.csv,Yes,2024-01-01,2024-12-31,99.99%
303,Brandenburg,303.csv,Yes,2024-01-01,2024-12-31,100.00%
314,Sachsen,314.csv,Yes,2024-01-01,2024-12-31,100.00%
320,Bayern,320.csv,Yes,2024-01-01,2024-12-31,100.00%
326,Nordrhein-Westfalen,326.csv,No,,,0.00%
330,Hessen,330.csv,Yes,2024-01-01,2024-12-31,100.00%
342,Niedersachsen,342.csv,Yes,2024-01-01,2024-12-31,100.00%
348,Rheinland-Pfalz,348.csv,No,,,0.00%
361,Bayern,361.csv,No,,,0.00%
368,Niedersachsen,368.csv,Yes,2024-01-01,2024-12-31,99.95%
377,Rheinland-Pfalz,377.csv,Yes,2024-01-01,2024-12-31,100.00%
379,Thüringen,379.csv,Yes,2024-01-01,2024-12-31,100.00%
390,Nordrhein-Westfalen,390.csv,Yes,2024-01-01,2024-12-31,100.00%
399,Berlin,399.csv,No,,,0.00%
403,Berlin,403.csv,Yes,2024-01-01,2024-12-31,100.00%
410,Berlin,410.csv,No,,,0.00%
420,Berlin,420.csv,No,,,0.00%
424,Berlin,424.csv,No,,,0.00%
427,Brandenburg,427.csv,Yes,2024-01-01,2024-12-31,100.00%
430,Berlin,430.csv,No,,,0.00%
433,Berlin,433.csv,Yes,2024-01-01,2024-12-31,100.00%
445,Sachsen-Anhalt,445.csv,Yes,2024-01-01,2024-12-31,100.00%
450,Rheinland-Pfalz,450.csv,No,,,0.00%
460,Saarland,460.csv,Yes,2024-01-01,2024-12-31,100.00%
474,Baden-Württemberg,474.csv,No,,,0.00%
535,Rheinland-Pfalz,535.csv,Yes,2024-01-01,2024-12-31,100.00%
553,Nordrhein-Westfalen,553.csv,No,,,0.00%
554,Nordrhein-Westfalen,554.csv,No,,,0.00%
555,Nordrhein-Westfalen,555.csv,Yes,2024-01-01,2024-12-31,100.00%
591,Mecklenburg-Vorpommern,591.csv,Yes,2024-01-01,2024-12-31,100.00%
596,Mecklenburg-Vorpommern,596.csv,Yes,2024-01-01,2024-12-31,100.00%
598,Nordrhein-Westfalen,598.csv,No,,,0.00%
599,Nordrhein-Westfalen,599.csv,No,,,0.00%
603,Nordrhein-Westfalen,603.csv,Yes,2024-01-01,2024-12-31,100.00%
617,Nordrhein-Westfalen,617.csv,Yes,2024-01-01,2024-12-31,100.00%
656,Niedersachsen,656.csv,Yes,2024-01-01,2024-12-31,100.00%
662,Niedersachsen,662.csv,Yes,2024-01-01,2024-12-31,100.00%
685,Bayern,685.csv,No,,,0.00%
691,Bremen,691.csv,Yes,2024-01-01,2024-12-31,100.00%
701,Bremen,701.csv,Yes,2024-01-01,2024-12-31,100.00%
722,Sachsen-Anhalt,722.csv,Yes,2024-01-01,2024-12-31,100.00%
755,Baden-Württemberg,755.csv,Yes,2024-01-01,2024-12-31,100.00%
757,Baden-Württemberg,757.csv,Yes,2024-01-01,2024-12-31,100.00%
760,Niedersachsen,760.csv,Yes,2024-01-01,2024-12-31,100.00%
766,Rheinland-Pfalz,766.csv,Yes,2024-01-01,2024-12-31,99.08%
769,Niedersachsen,769.csv,Yes,2024-01-01,2024-12-31,99.99%
817,Hessen,817.csv,Yes,2024-01-01,2024-12-31,100.00%
850,Niedersachsen,850.csv,Yes,2024-01-01,2024-12-31,99.85%
853,Sachsen,853.csv,Yes,2024-01-01,2024-12-31,100.00%
856,Bayern,856.csv,Yes,2024-01-01,2024-12-31,100.00%
860,Niedersachsen,860.csv,Yes,2024-01-01,2024-12-31,100.00%
863,Niedersachsen,863.csv,No,,,0.00%
867,Bayern,867.csv,Yes,2024-01-01,2024-12-31,100.00%
876,Sachsen,876.csv,No,,,0.00%
879,Brandenburg,879.csv,No,,,0.00%
880,Brandenburg,880.csv,Yes,2024-01-01,2024-12-31,100.00%
891,Niedersachsen,891.csv,Yes,2024-01-01,2024-12-31,100.00%
896,Thüringen,896.csv,Yes,2024-01-01,2024-12-31,100.00%
917,Hessen,917.csv,Yes,2024-01-01,2024-12-31,100.00%
919,Hessen,919.csv,No,,,0.00%
953,Rheinland-Pfalz,953.csv,Yes,2024-01-01,2024-12-31,100.00%
954,Hamburg,954.csv,No,2024-02-28,2024-12-26,75.71%
963,Niedersachsen,963.csv,Yes,2024-01-01,2024-12-31,100.00%
979,Hessen,979.csv,No,,,0.00%
982,Bayern,982.csv,No,,,0.00%
983,Bayern,983.csv,Yes,2024-01-01,2024-12-31,100.00%
991,Sachsen,991.csv,Yes,2024-01-01,2024-12-31,100.00%
1001,Brandenburg,1001.csv,Yes,2024-01-01,2024-12-31,100.00%
1048,Sachsen,1048.csv,Yes,2024-01-01,2024-12-31,100.00%
1050,Sachsen,1050.csv,Yes,2024-01-01,2024-12-31,100.00%
1051,Sachsen,1051.csv,No,,,0.00%
1052,Sachsen-Anhalt,1052.csv,Yes,2024-01-01,2024-12-31,100.00%
1072,Rheinland-Pfalz,1072.csv,Yes,2024-01-01,2024-12-31,100.00%
1078,Nordrhein-Westfalen,1078.csv,Yes,2024-01-01,2024-12-31,100.00%
1103,Bayern,1103.csv,Yes,2024-01-01,2024-12-31,100.00%
1107,Bayern,1107.csv,Yes,2024-01-01,2024-12-31,100.00%
1130,Schleswig-Holstein,1130.csv,No,,,0.00%
1161,Bayern,1161.csv,Yes,2024-01-01,2024-12-31,100.00%
1197,Baden-Württemberg,1197.csv,Yes,2024-01-01,2024-12-31,100.00%
1200,Schleswig-Holstein,1200.csv,Yes,2024-01-01,2024-12-31,100.00%
1207,Sachsen,1207.csv,Yes,2024-01-01,2024-12-31,100.00%
1214,Baden-Württemberg,1214.csv,Yes,2024-01-01,2024-12-31,100.00%
1219,Niedersachsen,1219.csv,No,,,0.00%
1221,Niedersachsen,1221.csv,No,,,0.00%
1224,Baden-Württemberg,1224.csv,Yes,2024-01-01,2024-12-31,100.00%
1228,Hamburg,1228.csv,Yes,2024-01-01,2024-12-31,98.43%
1239,Baden-Württemberg,1239.csv,No,,,0.00%
1246,Nordrhein-Westfalen,1246.csv,Yes,2024-01-01,2024-12-31,100.00%
1255,Baden-Württemberg,1255.csv,Yes,2024-01-01,2024-12-31,100.00%
1262,Bayern,1262.csv,Yes,2024-01-01,2024-12-31,100.00%
1266,Schleswig-Holstein,1266.csv,Yes,2024-01-01,2024-12-31,100.00%
1270,Thüringen,1270.csv,Yes,2024-01-01,2024-12-31,100.00%
1279,Bayern,1279.csv,Yes,2024-01-01,2024-12-31,100.00%
1297,Hessen,1297.csv,Yes,2024-01-01,2024-12-31,100.00%
1300,Nordrhein-Westfalen,1300.csv,Yes,2024-01-01,2024-12-31,100.00%
1303,Nordrhein-Westfalen,1303.csv,Yes,2024-01-01,2024-12-31,100.00%
1327,Nordrhein-Westfalen,1327.csv,Yes,2024-01-01,2024-12-31,100.00%
1332,Bayern,1332.csv,Yes,2024-01-01,2024-12-31,100.00%
1339,Niedersachsen,1339.csv,Yes,2024-01-01,2024-12-31,99.87%
1341,Schleswig-Holstein,1341.csv,No,,,0.00%
1346,Baden-Württemberg,1346.csv,Yes,2024-01-01,2024-12-31,100.00%
1357,Bayern,1357.csv,Yes,2024-01-01,2024-12-31,100.00%
1358,Sachsen,1358.csv,Yes,2024-01-01,2024-12-31,100.00%
1411,Thüringen,1411.csv,Yes,2024-01-01,2024-12-31,100.00%
1420,Hessen,1420.csv,Yes,2024-01-01,2024-12-31,100.00%
1421,Hessen,1421.csv,No,,,0.00%
1424,Hessen,1424.csv,Yes,2024-01-01,2024-12-31,100.00%
1425,Hessen,1425.csv,No,,,0.00%
1426,Brandenburg,1426.csv,No,,,0.00%
1443,Baden-Württemberg,1443.csv,Yes,2024-01-01,2024-12-31,100.00%
1451,Niedersachsen,1451.csv,Yes,2024-01-01,2024-12-31,100.00%
1468,Baden-Württemberg,1468.csv,Yes,2024-01-01,2024-12-31,100.00%
1473,Bayern,1473.csv,No,,,0.00%
1490,Baden-Württemberg,1490.csv,No,,,0.00%
1503,Niedersachsen,1503.csv,Yes,2024-01-01,2024-12-31,98.17%
1504,Hessen,1504.csv,Yes,2024-01-01,2024-12-31,99.99%
1515,Bayern,1515.csv,No,,,0.00%
1526,Hessen,1526.csv,Yes,2024-01-01,2024-12-31,100.00%
1544,Sachsen-Anhalt,1544.csv,Yes,2024-01-01,2024-12-31,100.00%
1550,Bayern,1550.csv,Yes,2024-01-01,2024-12-31,99.29%
1572,Nordrhein-Westfalen,1572.csv,Yes,2024-01-01,2024-12-31,99.97%
1580,Hessen,1580.csv,Yes,2024-01-01,2024-12-31,100.00%
1583,Sachsen,1583.csv,No,,,0.00%
1584,Baden-Württemberg,1584.csv,No,2024-01-01,2024-10-31,83.33%
1587,Bayern,1587.csv,Yes,2024-01-01,2024-12-31,100.00%
1590,Nordrhein-Westfalen,1590.csv,Yes,2024-01-01,2024-12-31,100.00%
1602,Baden-Württemberg,1602.csv,Yes,2024-01-01,2024-12-31,100.00%
1605,Sachsen-Anhalt,1605.csv,Yes,2024-01-01,2024-12-31,100.00%
1612,Thüringen,1612.csv,Yes,2024-01-01,2024-12-31,100.00%
1639,Hessen,1639.csv,Yes,2024-01-01,2024-12-31,100.00%
1645,Hessen,1645.csv,Yes,2024-01-01,2024-12-31,100.00%
1666,Schleswig-Holstein,1666.csv,Yes,2024-01-01,2024-12-31,99.32%
1684,Sachsen,1684.csv,Yes,2024-01-01,2024-12-31,100.00%
1691,Niedersachsen,1691.csv,Yes,2024-01-01,2024-12-31,100.00%
1694,Mecklenburg-Vorpommern,1694.csv,Yes,2024-01-01,2024-12-31,100.00%
1721,Bayern,1721.csv,Yes,2024-01-01,2024-12-31,100.00%
1735,Bayern,1735.csv,Yes,2024-01-01,2024-12-31,100.00%
1736,Schleswig-Holstein,1736.csv,Yes,2024-01-01,2024-12-31,100.00%
1757,Mecklenburg-Vorpommern,1757.csv,Yes,2024-01-01,2024-12-31,100.00%
1758,Mecklenburg-Vorpommern,1758.csv,No,,,0.00%
1759,Mecklenburg-Vorpommern,1759.csv,Yes,2024-01-01,2024-12-31,99.69%
1766,Nordrhein-Westfalen,1766.csv,Yes,2024-01-01,2024-12-31,100.00%
1792,Niedersachsen,1792.csv,Yes,2024-01-01,2024-12-31,100.00%
1803,Mecklenburg-Vorpommern,1803.csv,Yes,2024-01-01,2024-12-31,100.00%
1832,Bayern,1832.csv,Yes,2024-01-01,2024-12-31,100.00%
1833,Bayern,1833.csv,No,,,0.00%
1834,Thüringen,1834.csv,No,,,0.00%
1863,Hessen,1863.csv,Yes,2024-01-01,2024-12-31,99.31%
1869,Brandenburg,1869.csv,Yes,2024-01-01,2024-12-31,100.00%
1886,Bayern,1886.csv,Yes,2024-01-01,2024-12-31,100.00%
1957,Sachsen-Anhalt,1957.csv,No,,,0.00%
1960,Sachsen-Anhalt,1960.csv,No,,,0.00%
1964,Rheinland-Pfalz,1964.csv,No,2024-01-01,2024-12-31,85.42%
1975,Hamburg,1975.csv,Yes,2024-01-01,2024-12-31,100.00%
1981,Hamburg,1981.csv,Yes,2024-01-01,2024-12-31,100.00%
2014,Niedersachsen,2014.csv,Yes,2024-01-01,2024-12-31,100.00%
2023,Bayern,2023.csv,Yes,2024-01-01,2024-12-31,100.00%
2039,Niedersachsen,2039.csv,Yes,2024-01-01,2024-12-31,100.00%
2044,Sachsen-Anhalt,2044.csv,Yes,2024-01-01,2024-12-31,100.00%
2074,Baden-Württemberg,2074.csv,Yes,2024-01-01,2024-12-31,100.00%
2080,Baden-Württemberg,2080.csv,No,,,0.00%
2081,Baden-Württemberg,2081.csv,No,,,0.00%
2088,Baden-Württemberg,2088.csv,No,,,0.00%
2110,Nordrhein-Westfalen,2110.csv,No,2024-01-01,2024-12-01,91.80%
2115,Schleswig-Holstein,2115.csv,Yes,2024-01-01,2024-12-31,100.00%
2166,Sachsen,2166.csv,No,,,0.00%
2167,Rheinland-Pfalz,2167.csv,No,,,0.00%
2171,Hessen,2171.csv,Yes,2024-01-01,2024-12-31,100.00%
2174,Niedersachsen,2174.csv,Yes,2024-01-01,2024-12-31,100.00%
2201,Mecklenburg-Vorpommern,2201.csv,Yes,2024-01-01,2024-12-31,100.00%
2211,Rheinland-Pfalz,2211.csv,Yes,2024-01-01,2024-12-31,100.00%
2252,Sachsen,2252.csv,Yes,2024-01-01,2024-12-31,100.00%
2261,Bayern,2261.csv,Yes,2024-01-01,2024-12-31,100.00%
2290,Bayern,2290.csv,Yes,2024-01-01,2024-12-31,100.00%
2303,Schleswig-Holstein,2303.csv,Yes,2024-01-01,2024-12-31,99.67%
2306,Schleswig-Holstein,2306.csv,Yes,2024-01-01,2024-12-31,100.00%
2315,Brandenburg,2315.csv,Yes,2024-01-01,2024-12-31,99.84%
2319,Bayern,2319.csv,Yes,2024-01-01,2024-12-31,100.00%
2323,Niedersachsen,2323.csv,Yes,2024-01-01,2024-12-31,100.00%
2338,Nordrhein-Westfalen,2338.csv,No,,,0.00%
2362,Rheinland-Pfalz,2362.csv,Yes,2024-01-01,2024-12-31,100.00%
2374,Schleswig-Holstein,2374.csv,No,,,0.00%
2385,Rheinland-Pfalz,2385.csv,Yes,2024-01-01,2024-12-31,100.00%
2410,Bayern,2410.csv,Yes,2024-01-01,2024-12-31,99.76%
2429,Schleswig-Holstein,2429.csv,Yes,2024-01-01,2024-12-31,100.00%
2437,Schleswig-Holstein,2437.csv,Yes,2024-01-01,2024-12-31,99.36%
2444,Thüringen,2444.csv,Yes,2024-01-01,2024-12-31,100.00%
2456,Niedersachsen,2456.csv,No,,,0.00%
2480,Bayern,2480.csv,Yes,2024-01-01,2024-12-31,100.00%
2483,Nordrhein-Westfalen,2483.csv,Yes,2024-01-01,2024-12-31,100.00%
2485,Baden-Württemberg,2485.csv,Yes,2024-01-01,2024-12-31,100.00%
2486,Rheinland-Pfalz,2486.csv,Yes,2024-01-01,2024-12-31,100.00%
2488,Bayern,2488.csv,No,,,0.00%
2494,Nordrhein-Westfalen,2494.csv,No,,,0.00%
2497,Nordrhein-Westfalen,2497.csv,Yes,2024-01-01,2024-12-31,100.00%
2503,Thüringen,2503.csv,No,,,0.00%
2521,Bayern,2521.csv,No,,,0.00%
2522,Baden-Württemberg,2522.csv,No,,,0.00%
2532,Hessen,2532.csv,No,,,0.00%
2542,Bayern,2542.csv,No,,,0.00%
2559,Bayern,2559.csv,Yes,2024-01-01,2024-12-31,100.00%
2564,Schleswig-Holstein,2564.csv,Yes,2024-01-01,2024-12-31,100.00%
2565,Schleswig-Holstein,2565.csv,No,,,0.00%
2575,Baden-Württemberg,2575.csv,Yes,2024-01-01,2024-12-31,100.00%
2578,Mecklenburg-Vorpommern,2578.csv,Yes,2024-01-01,2024-12-31,100.00%
2597,Bayern,2597.csv,Yes,2024-01-01,2024-12-31,100.00%
2600,Bayern,2600.csv,Yes,2024-01-01,2024-12-31,100.00%
2601,Hessen,2601.csv,Yes,2024-01-01,2024-12-31,100.00%
2618,Thüringen,2618.csv,Yes,2024-01-01,2024-12-31,100.00%
2627,Brandenburg,2627.csv,Yes,2024-01-01,2024-12-31,100.00%
2629,Nordrhein-Westfalen,2629.csv,Yes,2024-01-01,2024-12-31,100.00%
2638,Baden-Württemberg,2638.csv,Yes,2024-01-01,2024-12-31,100.00%
2641,Sachsen,2641.csv,Yes,2024-01-01,2024-12-31,100.00%
2656,Rheinland-Pfalz,2656.csv,No,,,0.00%
2667,Nordrhein-Westfalen,2667.csv,Yes,2024-01-01,2024-12-31,100.00%
2680,Bayern,2680.csv,Yes,2024-01-01,2024-12-31,100.00%
2691,Bayern,2691.csv,No,,,0.00%
2700,Bayern,2700.csv,Yes,2024-01-01,2024-12-31,100.00%
2704,Sachsen-Anhalt,2704.csv,Yes,2024-01-01,2024-12-31,100.00%
2708,Bayern,2708.csv,Yes,2024-01-01,2024-12-31,100.00%
2712,Baden-Württemberg,2712.csv,Yes,2024-01-01,2024-12-31,100.00%
2738,Bayern,2738.csv,No,,,0.00%
2750,Bayern,2750.csv,Yes,2024-01-01,2024-12-31,100.00%
2761,Bayern,2761.csv,No,,,0.00%
2773,Bayern,2773.csv,Yes,2024-01-01,2024-12-31,100.00%
2794,Brandenburg,2794.csv,Yes,2024-01-01,2024-12-31,100.00%
2796,Mecklenburg-Vorpommern,2796.csv,Yes,2024-01-01,2024-12-31,100.00%
2812,Baden-Württemberg,2812.csv,Yes,2024-01-01,2024-12-31,100.00%
2814,Baden-Württemberg,2814.csv,Yes,2024-01-01,2024-12-31,100.00%
2829,Bayern,2829.csv,No,,,0.00%
2856,Brandenburg,2856.csv,Yes,2024-01-01,2024-12-31,100.00%
2878,Sachsen-Anhalt,2878.csv,Yes,2024-01-01,2024-12-31,100.00%
2886,Baden-Württemberg,2886.csv,Yes,2024-01-01,2024-12-31,99.92%
2905,Bayern,2905.csv,Yes,2024-01-01,2024-12-31,99.49%
2907,Schleswig-Holstein,2907.csv,Yes,2024-01-01,2024-12-31,100.00%
2920,Bayern,2920.csv,No,,,0.00%
2925,Thüringen,2925.csv,Yes,2024-01-01,2024-12-31,100.00%
2928,Sachsen,2928.csv,Yes,2024-01-01,2024-12-31,99.99%
2932,Sachsen,2932.csv,Yes,2024-01-01,2024-12-31,100.00%
2947,Nordrhein-Westfalen,2947.csv,Yes,2024-01-01,2024-12-31,100.00%
2951,Brandenburg,2951.csv,Yes,2024-01-01,2024-12-31,100.00%
2953,Baden-Württemberg,2953.csv,Yes,2024-01-01,2024-12-31,100.00%
2961,Schleswig-Holstein,2961.csv,Yes,2024-01-01,2024-12-31,100.00%
2968,Nordrhein-Westfalen,2968.csv,No,2024-01-01,2024-08-31,66.67%
2985,Sachsen,2985.csv,Yes,2024-01-01,2024-12-31,100.00%
3015,Brandenburg,3015.csv,Yes,2024-01-01,2024-12-31,100.00%
3023,Niedersachsen,3023.csv,No,,,0.00%
3028,Nordrhein-Westfalen,3028.csv,Yes,2024-01-01,2024-12-31,100.00%
3031,Nordrhein-Westfalen,3031.csv,Yes,2024-01-01,2024-12-31,100.00%
3032,Schleswig-Holstein,3032.csv,Yes,2024-01-01,2024-12-31,100.00%
3034,Thüringen,3034.csv,Yes,2024-01-01,2024-12-31,100.00%
3042,Hessen,3042.csv,Yes,2024-01-01,2024-12-31,100.00%
3044,Niedersachsen,3044.csv,No,,,0.00%
3083,Brandenburg,3083.csv,Yes,2024-01-01,2024-12-31,100.00%
3085,Schleswig-Holstein,3085.csv,No,,,0.00%
3086,Schleswig-Holstein,3086.csv,Yes,2024-01-01,2024-12-31,98.44%
3093,Niedersachsen,3093.csv,Yes,2024-01-01,2024-12-31,100.00%
3098,Nordrhein-Westfalen,3098.csv,Yes,2024-01-01,2024-12-31,100.00%
3126,Sachsen-Anhalt,3126.csv,Yes,2024-01-01,2024-12-31,100.00%
3137,Rheinland-Pfalz,3137.csv,No,2024-07-01,2024-12-31,50.27%
3139,Bayern,3139.csv,No,,,0.00%
3147,Bayern,3147.csv,Yes,2024-01-01,2024-12-31,100.00%
3155,Rheinland-Pfalz,3155.csv,Yes,2024-01-01,2024-12-31,100.00%
3158,Brandenburg,3158.csv,Yes,2024-01-01,2024-12-31,100.00%
3164,Hessen,3164.csv,Yes,2024-01-01,2024-12-31,100.00%
3166,Sachsen,3166.csv,Yes,2024-01-01,2024-12-31,100.00%
3167,Rheinland-Pfalz,3167.csv,Yes,2024-01-01,2024-12-31,100.00%
3170,Schleswig-Holstein,3170.csv,No,,,0.00%
3181,Bayern,3181.csv,Yes,2024-01-01,2024-12-31,100.00%
3196,Mecklenburg-Vorpommern,3196.csv,Yes,2024-01-01,2024-12-31,100.00%
3204,Thüringen,3204.csv,Yes,2024-01-01,2024-12-31,100.00%
3226,Sachsen-Anhalt,3226.csv,Yes,2024-01-01,2024-12-31,100.00%
3231,Thüringen,3231.csv,Yes,2024-01-01,2024-12-31,100.00%
3234,Sachsen,3234.csv,Yes,2024-01-01,2024-12-31,100.00%
3244,Bayern,3244.csv,Yes,2024-01-01,2024-12-31,100.00%
3245,Bayern,3245.csv,No,,,0.00%
3246,Rheinland-Pfalz,3246.csv,No,,,0.00%
3254,Niedersachsen,3254.csv,Yes,2024-01-01,2024-12-31,98.99%
3257,Baden-Württemberg,3257.csv,No,,,0.00%
3268,Baden-Württemberg,3268.csv,Yes,2024-01-01,2024-12-31,100.00%
3271,Bayern,3271.csv,Yes,2024-01-01,2024-12-31,100.00%
3274,Saarland,3274.csv,No,,,0.00%
3278,Baden-Württemberg,3278.csv,Yes,2024-01-01,2024-12-31,100.00%
3284,Hessen,3284.csv,Yes,2024-01-01,2024-12-31,100.00%
3287,Hessen,3287.csv,Yes,2024-01-01,2024-12-31,100.00%
3289,Thüringen,3289.csv,Yes,2024-01-01,2024-12-31,100.00%
3307,Bayern,3307.csv,No,2024-10-01,2024-12-31,25.14%
3319,Bayern,3319.csv,Yes,2024-01-01,2024-12-31,100.00%
3321,Nordrhein-Westfalen,3321.csv,Yes,2024-01-01,2024-12-31,100.00%
3340,Rheinland-Pfalz,3340.csv,No,,,0.00%
3348,Niedersachsen,3348.csv,Yes,2024-01-01,2024-12-31,98.55%
3362,Baden-Württemberg,3362.csv,Yes,2024-01-01,2024-12-31,100.00%
3366,Bayern,3366.csv,Yes,2024-01-01,2024-12-31,100.00%
3376,Brandenburg,3376.csv,Yes,2024-01-01,2024-12-31,100.00%
3379,Bayern,3379.csv,Yes,2024-01-01,2024-12-31,100.00%
3382,Bayern,3382.csv,No,,,0.00%
3385,Bayern,3385.csv,No,,,0.00%
3390,Bayern,3390.csv,No,,,0.00%
3402,Baden-Württemberg,3402.csv,Yes,2024-01-01,2024-12-31,100.00%
3404,Nordrhein-Westfalen,3404.csv,No,,,0.00%
3426,Sachsen,3426.csv,Yes,2024-01-01,2024-12-31,100.00%
3442,Hessen,3442.csv,Yes,2024-01-01,2024-12-31,100.00%
3478,Mecklenburg-Vorpommern,3478.csv,No,,,0.00%
3484,Bayern,3484.csv,Yes,2024-01-01,2024-12-31,100.00%
3485,Bayern,3485.csv,Yes,2024-01-01,2024-12-31,100.00%
3490,Rheinland-Pfalz,3490.csv,Yes,2024-01-01,2024-12-31,96.87%
3509,Brandenburg,3509.csv,Yes,2024-01-01,2024-12-31,100.00%
3513,Thüringen,3513.csv,Yes,2024-01-01,2024-12-31,100.00%
3527,Hessen,3527.csv,Yes,2024-01-01,2024-12-31,100.00%
3540,Nordrhein-Westfalen,3540.csv,Yes,2024-01-01,2024-12-31,100.00%
3545,Saarland,3545.csv,Yes,2024-01-01,2024-12-31,100.00%
3552,Brandenburg,3552.csv,No,,,0.00%
3571,Bayern,3571.csv,Yes,2024-01-01,2024-12-31,100.00%
3575,Rheinland-Pfalz,3575.csv,No,,,0.00%
3577,Mecklenburg-Vorpommern,3577.csv,No,,,0.00%
3591,Nordrhein-Westfalen,3591.csv,Yes,2024-01-01,2024-12-31,100.00%
3603,Baden-Württemberg,3603.csv,Yes,2024-01-01,2024-12-31,99.99%
3605,Baden-Württemberg,3605.csv,No,,,0.00%
3612,Niedersachsen,3612.csv,Yes,2024-01-01,2024-12-31,100.00%
3621,Bayern,3621.csv,Yes,2024-01-01,2024-12-31,100.00%
3623,Nordrhein-Westfalen,3623.csv,Yes,2024-01-01,2024-12-31,99.93%
3631,Niedersachsen,3631.csv,Yes,2024-01-01,2024-12-31,100.00%
3639,Niedersachsen,3639.csv,Yes,2024-01-01,2024-12-31,99.92%
3659,Rheinland-Pfalz,3659.csv,No,,,0.00%
3660,Rheinland-Pfalz,3660.csv,Yes,2024-01-01,2024-12-31,100.00%
3667,Bayern,3667.csv,Yes,2024-01-01,2024-12-31,100.00%
3668,Bayern,3668.csv,Yes,2024-01-01,2024-12-31,100.00%
3671,Baden-Württemberg,3671.csv,No,,,0.00%
3679,Bayern,3679.csv,Yes,2024-01-01,2024-12-31,100.00%
3730,Bayern,3730.csv,Yes,2024-01-01,2024-12-31,100.00%
3734,Baden-Württemberg,3734.csv,Yes,2024-01-01,2024-12-31,100.00%
3739,Bayern,3739.csv,Yes,2024-01-01,2024-12-31,100.00%
3761,Baden-Württemberg,3761.csv,Yes,2024-01-01,2024-12-31,100.00%
3791,Niedersachsen,3791.csv,No,,,0.00%
3811,Sachsen,3811.csv,Yes,2024-01-01,2024-12-31,100.00%
3815,Niedersachsen,3815.csv,No,,,0.00%
3821,Sachsen-Anhalt,3821.csv,Yes,2024-01-01,2024-12-31,100.00%
3836,Bayern,3836.csv,Yes,2024-01-01,2024-12-31,100.00%
3857,Bayern,3857.csv,Yes,2024-01-01,2024-12-31,100.00%
3875,Bayern,3875.csv,Yes,2024-01-01,2024-12-31,100.00%
3879,Bayern,3879.csv,No,,,0.00%
3897,Schleswig-Holstein,3897.csv,Yes,2024-01-01,2024-12-31,100.00%
3904,Saarland,3904.csv,Yes,2024-01-01,2024-12-31,100.00%
3925,Baden-Württemberg,3925.csv,Yes,2024-01-01,2024-12-31,100.00%
3927,Baden-Württemberg,3927.csv,Yes,2024-01-01,2024-12-31,100.00%
3939,Rheinland-Pfalz,3939.csv,Yes,2024-01-01,2024-12-31,100.00%
3946,Sachsen,3946.csv,Yes,2024-01-01,2024-12-31,100.00%
3975,Bayern,3975.csv,Yes,2024-01-01,2024-12-31,100.00%
3987,Brandenburg,3987.csv,Yes,2024-01-01,2024-12-31,100.00%
4018,Bayern,4018.csv,No,,,0.00%
4024,Mecklenburg-Vorpommern,4024.csv,Yes,2024-01-01,2024-12-31,98.18%
4032,Sachsen-Anhalt,4032.csv,Yes,2024-01-01,2024-12-31,100.00%
4036,Sachsen-Anhalt,4036.csv,Yes,2024-01-01,2024-12-31,100.00%
4039,Schleswig-Holstein,4039.csv,Yes,2024-01-01,2024-12-31,100.00%
4063,Nordrhein-Westfalen,4063.csv,Yes,2024-01-01,2024-12-31,100.00%
4094,Baden-Württemberg,4094.csv,Yes,2024-01-01,2024-12-31,100.00%
4104,Bayern,4104.csv,Yes,2024-01-01,2024-12-31,100.00%
4127,Nordrhein-Westfalen,4127.csv,Yes,2024-01-01,2024-12-31,100.00%
4154,Nordrhein-Westfalen,4154.csv,No,,,0.00%
4160,Baden-Württemberg,4160.csv,Yes,2024-01-01,2024-12-31,100.00%
4169,Baden-Württemberg,4169.csv,Yes,2024-01-01,2024-12-31,100.00%
4174,Nordrhein-Westfalen,4174.csv,No,,,0.00%
4175,Baden-Württemberg,4175.csv,Yes,2024-01-01,2024-12-31,100.00%
4177,Baden-Württemberg,4177.csv,Yes,2024-01-01,2024-12-31,100.00%
4189,Baden-Württemberg,4189.csv,Yes,2024-01-01,2024-12-31,100.00%
4261,Bayern,4261.csv,No,2024-01-01,2024-04-12,27.98%
4271,Mecklenburg-Vorpommern,4271.csv,Yes,2024-01-01,2024-12-31,100.00%
4275,Niedersachsen,4275.csv,Yes,2024-01-01,2024-12-31,100.00%
4280,Bayern,4280.csv,Yes,2024-01-01,2024-12-31,100.00%
4287,Bayern,4287.csv,Yes,2024-01-01,2024-12-31,100.00%
4294,Baden-Württemberg,4294.csv,No,,,0.00%
4300,Baden-Württemberg,4300.csv,Yes,2024-01-01,2024-12-31,100.00%
4301,Rheinland-Pfalz,4301.csv,Yes,2024-01-01,2024-12-31,100.00%
4323,Rheinland-Pfalz,4323.csv,Yes,2024-01-01,2024-12-31,100.00%
4336,Saarland,4336.csv,Yes,2024-01-01,2024-12-31,100.00%
4339,Saarland,4339.csv,No,,,0.00%
4349,Baden-Württemberg,4349.csv,Yes,2024-01-01,2024-12-31,100.00%
4354,Bayern,4354.csv,Yes,2024-01-01,2024-12-31,98.26%
4371,Nordrhein-Westfalen,4371.csv,Yes,2024-01-01,2024-12-31,98.71%
4373,Sachsen-Anhalt,4373.csv,No,,,0.00%
4377,Bayern,4377.csv,Yes,2024-01-01,2024-12-31,100.00%
4393,Schleswig-Holstein,4393.csv,Yes,2024-01-01,2024-12-31,100.00%
4411,Hessen,4411.csv,Yes,2024-01-01,2024-12-31,100.00%
4445,Sachsen-Anhalt,4445.csv,Yes,2024-01-01,2024-12-31,100.00%
4464,Thüringen,4464.csv,Yes,2024-01-01,2024-12-31,100.00%
4466,Schleswig-Holstein,4466.csv,Yes,2024-01-01,2024-12-31,100.00%
4477,Baden-Württemberg,4477.csv,No,,,0.00%
4480,Hessen,4480.csv,Yes,2024-01-01,2024-12-31,100.00%
4485,Thüringen,4485.csv,No,,,0.00%
4501,Thüringen,4501.csv,Yes,2024-01-01,2024-12-31,100.00%
4508,Rheinland-Pfalz,4508.csv,Yes,2024-01-01,2024-12-31,100.00%
4548,Bayern,4548.csv,Yes,2024-01-01,2024-12-31,100.00%
4559,Bayern,4559.csv,Yes,2024-01-01,2024-12-31,100.00%
4560,Hessen,4560.csv,No,,,0.00%
4584,Bayern,4584.csv,No,,,0.00%
4592,Bayern,4592.csv,Yes,2024-01-01,2024-12-31,100.00%
4605,Thüringen,4605.csv,Yes,2024-01-01,2024-12-31,100.00%
4625,Mecklenburg-Vorpommern,4625.csv,Yes,2024-01-01,2024-12-31,100.00%
4629,Schleswig-Holstein,4629.csv,No,,,0.00%
4642,Sachsen-Anhalt,4642.csv,Yes,2024-01-01,2024-12-31,100.00%
4651,Niedersachsen,4651.csv,Yes,2024-01-01,2024-12-31,100.00%
4665,Saarland,4665.csv,No,,,0.00%
4692,Nordrhein-Westfalen,4692.csv,No,,,0.00%
4702,Baden-Württemberg,4702.csv,No,,,0.00%
4703,Baden-Württemberg,4703.csv,Yes,2024-01-01,2024-12-31,100.00%
4704,Bayern,4704.csv,Yes,2024-01-01,2024-12-31,100.00%
4706,Bayern,4706.csv,Yes,2024-01-01,2024-12-31,100.00%
4709,Rheinland-Pfalz,4709.csv,Yes,2024-01-01,2024-12-31,100.00%
4719,Baden-Württemberg,4719.csv,No,,,0.00%
4745,Niedersachsen,4745.csv,Yes,2024-01-01,2024-12-31,100.00%
4748,Thüringen,4748.csv,Yes,2024-01-01,2024-12-31,100.00%
4752,Thüringen,4752.csv,No,,,0.00%
4763,Hessen,4763.csv,No,2024-01-01,2024-12-31,92.66%
4813,Bayern,4813.csv,Yes,2024-01-01,2024-12-31,100.00%
4841,Niedersachsen,4841.csv,Yes,2024-01-01,2024-12-31,100.00%
4857,Niedersachsen,4857.csv,Yes,2024-01-01,2024-12-31,100.00%
4878,Sachsen-Anhalt,4878.csv,Yes,2024-01-01,2024-12-31,100.00%
4887,Baden-Württemberg,4887.csv,Yes,2024-01-01,2024-12-31,100.00%
4896,Schleswig-Holstein,4896.csv,No,,,0.00%
4911,Bayern,4911.csv,Yes,2024-01-01,2024-12-31,100.00%
4926,Baden-Württemberg,4926.csv,No,,,0.00%
4927,Baden-Württemberg,4927.csv,No,,,0.00%
4928,Baden-Württemberg,4928.csv,Yes,2024-01-01,2024-12-31,100.00%
4931,Baden-Württemberg,4931.csv,Yes,2024-01-01,2024-12-31,100.00%
4933,Baden-Württemberg,4933.csv,No,,,0.00%
4978,Hessen,4978.csv,Yes,2024-01-01,2024-12-31,100.00%
4997,Thüringen,4997.csv,Yes,2024-01-01,2024-12-31,100.00%
5009,Mecklenburg-Vorpommern,5009.csv,Yes,2024-01-01,2024-12-31,100.00%
5014,Niedersachsen,5014.csv,Yes,2024-01-01,2024-12-31,100.00%
5017,Bayern,5017.csv,Yes,2024-01-01,2024-12-31,100.00%
5029,Saarland,5029.csv,Yes,2024-01-01,2024-12-31,100.00%
5046,Bayern,5046.csv,Yes,2024-01-01,2024-12-31,100.00%
5049,Baden-Württemberg,5049.csv,No,,,0.00%
5064,Nordrhein-Westfalen,5064.csv,Yes,2024-01-01,2024-12-31,100.00%
5068,Sachsen,5068.csv,No,,,0.00%
5097,Mecklenburg-Vorpommern,5097.csv,Yes,2024-01-01,2024-12-31,100.00%
5099,Rheinland-Pfalz,5099.csv,Yes,2024-01-01,2024-12-31,100.00%
5100,Rheinland-Pfalz,5100.csv,Yes,2024-01-01,2024-12-31,100.00%
5109,Mecklenburg-Vorpommern,5109.csv,Yes,2024-01-01,2024-12-31,100.00%
5111,Bayern,5111.csv,Yes,2024-01-01,2024-12-31,100.00%
5133,Hessen,5133.csv,Yes,2024-01-01,2024-12-31,100.00%
5142,Mecklenburg-Vorpommern,5142.csv,Yes,2024-01-01,2024-12-31,100.00%
5146,Niedersachsen,5146.csv,Yes,2024-01-01,2024-12-31,100.00%
5149,Bayern,5149.csv,No,2024-04-01,2024-12-31,75.14%
5155,Baden-Württemberg,5155.csv,No,,,0.00%
5158,Sachsen-Anhalt,5158.csv,Yes,2024-01-01,2024-12-31,100.00%
5229,Baden-Württemberg,5229.csv,Yes,2024-01-01,2024-12-31,100.00%
5275,Baden-Württemberg,5275.csv,Yes,2024-01-01,2024-12-31,100.00%
5277,Hessen,5277.csv,No,,,0.00%
5279,Hessen,5279.csv,Yes,2024-01-01,2024-12-31,100.00%
5280,Schleswig-Holstein,5280.csv,Yes,2024-01-01,2024-12-31,100.00%
5282,Sachsen,5282.csv,No,,,0.00%
5300,Hessen,5300.csv,Yes,2024-01-01,2024-12-31,100.00%
5335,Thüringen,5335.csv,Yes,2024-01-01,2024-12-31,100.00%
5347,Nordrhein-Westfalen,5347.csv,Yes,2024-01-01,2024-12-31,100.00%
5349,Mecklenburg-Vorpommern,5349.csv,Yes,2024-01-01,2024-12-31,100.00%
5371,Hessen,5371.csv,Yes,2024-01-01,2024-12-31,100.00%
5397,Bayern,5397.csv,Yes,2024-01-01,2024-12-31,100.00%
5404,Bayern,5404.csv,Yes,2024-01-01,2024-12-31,100.00%
5419,Thüringen,5419.csv,No,,,0.00%
5424,Thüringen,5424.csv,Yes,2024-01-01,2024-12-31,100.00%
5426,Rheinland-Pfalz,5426.csv,Yes,2024-01-01,2024-12-31,100.00%
5431,Sachsen-Anhalt,5431.csv,No,,,0.00%
5433,Saarland,5433.csv,No,2024-01-01,2024-12-31,94.36%
5440,Bayern,5440.csv,Yes,2024-01-01,2024-12-31,100.00%
5467,Bayern,5467.csv,No,,,0.00%
5480,Nordrhein-Westfalen,5480.csv,Yes,2024-01-01,2024-12-31,100.00%
5490,Sachsen-Anhalt,5490.csv,Yes,2024-01-01,2024-12-31,100.00%
5516,Schleswig-Holstein,5516.csv,Yes,2024-01-01,2024-12-31,100.00%
5538,Bayern,5538.csv,Yes,2024-01-01,2024-12-31,100.00%
5541,Hessen,5541.csv,Yes,2024-01-01,2024-12-31,100.00%
5546,Brandenburg,5546.csv,Yes,2024-01-01,2024-12-31,100.00%
5562,Baden-Württemberg,5562.csv,Yes,2024-01-01,2024-12-31,100.00%
5629,Sachsen-Anhalt,5629.csv,Yes,2024-01-01,2024-12-31,100.00%
5640,Niedersachsen,5640.csv,Yes,2024-01-01,2024-12-31,98.25%
5643,Brandenburg,5643.csv,Yes,2024-01-01,2024-12-31,100.00%
5663,Mecklenburg-Vorpommern,5663.csv,No,,,0.00%
5664,Baden-Württemberg,5664.csv,Yes,2024-01-01,2024-12-31,100.00%
5665,Baden-Württemberg,5665.csv,No,,,0.00%
5676,Niedersachsen,5676.csv,No,2024-01-01,2024-01-02,0.38%
5688,Baden-Württemberg,5688.csv,Yes,2024-01-01,2024-12-31,100.00%
5692,Rheinland-Pfalz,5692.csv,No,2024-01-01,2024-12-31,93.03%
5705,Bayern,5705.csv,Yes,2024-01-01,2024-12-31,100.00%
5715,Niedersachsen,5715.csv,Yes,2024-01-01,2024-12-31,99.90%
5717,Nordrhein-Westfalen,5717.csv,Yes,2024-01-01,2024-12-31,100.00%
5719,Nordrhein-Westfalen,5719.csv,No,,,0.00%
5731,Baden-Württemberg,5731.csv,Yes,2024-01-01,2024-12-31,100.00%
5732,Schleswig-Holstein,5732.csv,No,,,0.00%
5745,Brandenburg,5745.csv,Yes,2024-01-01,2024-12-31,100.00%
5750,Sachsen-Anhalt,5750.csv,Yes,2024-01-01,2024-12-31,100.00%
5779,Sachsen,5779.csv,Yes,2024-01-01,2024-12-31,100.00%
5792,Bayern,5792.csv,Yes,2024-01-01,2024-12-31,100.00%
5797,Sachsen,5797.csv,Yes,2024-01-01,2024-12-31,100.00%
5800,Bayern,5800.csv,Yes,2024-01-01,2024-12-31,100.00%
5802,Bayern,5802.csv,No,,,0.00%
5822,Niedersachsen,5822.csv,Yes,2024-01-01,2024-12-31,100.00%
5825,Brandenburg,5825.csv,Yes,2024-01-01,2024-12-31,100.00%
5832,Niedersachsen,5832.csv,No,,,0.00%
5839,Niedersachsen,5839.csv,Yes,2024-01-01,2024-12-31,100.00%
5856,Bayern,5856.csv,Yes,2024-01-01,2024-12-31,100.00%
5871,Rheinland-Pfalz,5871.csv,Yes,2024-01-01,2024-12-31,100.00%
5906,Baden-Württemberg,5906.csv,Yes,2024-01-01,2024-12-31,100.00%
5930,Schleswig-Holstein,5930.csv,Yes,2024-01-01,2024-12-31,100.00%
5941,Bayern,5941.csv,Yes,2024-01-01,2024-12-31,100.00%
6093,Niedersachsen,6093.csv,Yes,2024-01-01,2024-12-31,100.00%
6105,Schleswig-Holstein,6105.csv,Yes,2024-01-01,2024-12-31,100.00%
6109,Mecklenburg-Vorpommern,6109.csv,Yes,2024-01-01,2024-12-31,100.00%
6129,Sachsen,6129.csv,Yes,2024-01-01,2024-12-31,100.00%
6157,Niedersachsen,6157.csv,Yes,2024-01-01,2024-12-31,100.00%
6158,Bayern,6158.csv,Yes,2024-01-01,2024-12-31,100.00%
6159,Niedersachsen,6159.csv,Yes,2024-01-01,2024-12-31,100.00%
6163,Schleswig-Holstein,6163.csv,Yes,2024-01-01,2024-12-31,100.00%
6170,Brandenburg,6170.csv,Yes,2024-01-01,2024-12-31,100.00%
6182,Bayern,6182.csv,No,,,0.00%
6186,Rheinland-Pfalz,6186.csv,No,,,0.00%
6197,Nordrhein-Westfalen,6197.csv,Yes,2024-01-01,2024-12-31,100.00%
6199,Mecklenburg-Vorpommern,6199.csv,Yes,2024-01-01,2024-12-31,100.00%
6217,Saarland,6217.csv,Yes,2024-01-01,2024-12-31,100.00%
6258,Baden-Württemberg,6258.csv,Yes,2024-01-01,2024-12-31,100.00%
6259,Baden-Württemberg,6259.csv,Yes,2024-01-01,2024-12-31,100.00%
6260,Baden-Württemberg,6260.csv,Yes,2024-01-01,2024-12-31,95.20%
6262,Baden-Württemberg,6262.csv,Yes,2024-01-01,2024-12-31,100.00%
6263,Baden-Württemberg,6263.csv,Yes,2024-01-01,2024-12-31,100.00%
6264,Nordrhein-Westfalen,6264.csv,Yes,2024-01-01,2024-12-31,100.00%
6265,Brandenburg,6265.csv,Yes,2024-01-01,2024-12-31,100.00%
6266,Sachsen-Anhalt,6266.csv,Yes,2024-01-01,2024-12-31,100.00%
6272,Thüringen,6272.csv,Yes,2024-01-01,2024-12-31,100.00%
6273,Sachsen-Anhalt,6273.csv,Yes,2024-01-01,2024-12-31,100.00%
6275,Baden-Württemberg,6275.csv,Yes,2024-01-01,2024-12-31,100.00%
6305,Thüringen,6305.csv,Yes,2024-01-01,2024-12-31,100.00%
6310,Mecklenburg-Vorpommern,6310.csv,Yes,2024-01-01,2024-12-31,100.00%
6312,Bayern,6312.csv,No,,,0.00%
6314,Sachsen,6314.csv,Yes,2024-01-01,2024-12-31,100.00%
6336,Bayern,6336.csv,Yes,2024-01-01,2024-12-31,100.00%
6337,Nordrhein-Westfalen,6337.csv,Yes,2024-01-01,2024-12-31,100.00%
6344,Hessen,6344.csv,Yes,2024-01-01,2024-12-31,100.00%
6346,Bayern,6346.csv,Yes,2024-01-01,2024-12-31,100.00%
6347,Bayern,6347.csv,Yes,2024-01-01,2024-12-31,100.00%
7075,Bayern,7075.csv,Yes,2024-01-01,2024-12-31,100.00%
7099,Niedersachsen,7099.csv,No,,,0.00%
7105,Bayern,7105.csv,Yes,2024-01-01,2024-12-31,100.00%
7106,Nordrhein-Westfalen,7106.csv,Yes,2024-01-01,2024-12-31,100.00%
7135,Baden-Württemberg,7135.csv,No,,,0.00%
7187,Baden-Württemberg,7187.csv,Yes,2024-01-01,2024-12-31,100.00%
7244,Brandenburg,7244.csv,No,,,0.00%
7298,Schleswig-Holstein,7298.csv,Yes,2024-01-01,2024-12-31,100.00%
7319,Bayern,7319.csv,Yes,2024-01-01,2024-12-31,100.00%
7321,Thüringen,7321.csv,Yes,2024-01-01,2024-12-31,100.00%
7325,Bayern,7325.csv,No,,,0.00%
7329,Sachsen,7329.csv,Yes,2024-01-01,2024-12-31,100.00%
7330,Nordrhein-Westfalen,7330.csv,Yes,2024-01-01,2024-12-31,100.00%
7331,Baden-Württemberg,7331.csv,Yes,2024-01-01,2024-12-31,100.00%
7341,Hessen,7341.csv,Yes,2024-01-01,2024-12-31,100.00%
7343,Sachsen,7343.csv,Yes,2024-01-01,2024-12-31,100.00%
7350,Bayern,7350.csv,Yes,2024-01-01,2024-12-31,100.00%
7351,Mecklenburg-Vorpommern,7351.csv,Yes,2024-01-01,2024-12-31,100.00%
7364,Sachsen-Anhalt,7364.csv,Yes,2024-01-01,2024-12-31,100.00%
7367,Niedersachsen,7367.csv,Yes,2024-01-01,2024-12-31,100.00%
7368,Thüringen,7368.csv,Yes,2024-01-01,2024-12-31,100.00%
7369,Bayern,7369.csv,Yes,2024-01-01,2024-12-31,100.00%
7370,Bayern,7370.csv,Yes,2024-01-01,2024-12-31,100.00%
7373,Niedersachsen,7373.csv,Yes,2024-01-01,2024-12-31,100.00%
7374,Nordrhein-Westfalen,7374.csv,Yes,2024-01-01,2024-12-31,100.00%
7389,Brandenburg,7389.csv,Yes,2024-01-01,2024-12-31,100.00%
7393,Sachsen,7393.csv,Yes,2024-01-01,2024-12-31,100.00%
7394,Bayern,7394.csv,Yes,2024-01-01,2024-12-31,100.00%
7395,Bayern,7395.csv,Yes,2024-01-01,2024-12-31,100.00%
7396,Hessen,7396.csv,Yes,2024-01-01,2024-12-31,100.00%
7403,Baden-Württemberg,7403.csv,Yes,2024-01-01,2024-12-31,100.00%
7410,Hessen,7410.csv,Yes,2024-01-01,2024-12-31,100.00%
7412,Bayern,7412.csv,Yes,2024-01-01,2024-12-31,100.00%
7419,Thüringen,7419.csv,Yes,2024-01-01,2024-12-31,100.00%
7420,Sachsen-Anhalt,7420.csv,Yes,2024-01-01,2024-12-31,100.00%
7424,Bayern,7424.csv,Yes,2024-01-01,2024-12-31,100.00%
7427,Schleswig-Holstein,7427.csv,Yes,2024-01-01,2024-12-31,100.00%
7428,Thüringen,7428.csv,Yes,2024-01-01,2024-12-31,100.00%
7431,Bayern,7431.csv,Yes,2024-01-01,2024-12-31,100.00%
7432,Niedersachsen,7432.csv,Yes,2024-01-01,2024-12-31,100.00%
13667,Baden-Württemberg,13667.csv,No,,,0.00%
13670,Nordrhein-Westfalen,13670.csv,Yes,2024-01-01,2024-12-31,100.00%
13674,Baden-Württemberg,13674.csv,Yes,2024-01-01,2024-12-31,100.00%
13675,Niedersachsen,13675.csv,Yes,2024-01-01,2024-12-31,100.00%
13696,Nordrhein-Westfalen,13696.csv,Yes,2024-01-01,2024-12-31,100.00%
13700,Nordrhein-Westfalen,13700.csv,Yes,2024-01-01,2024-12-31,100.00%
13710,Bayern,13710.csv,Yes,2024-01-01,2024-12-31,100.00%
13711,Thüringen,13711.csv,Yes,2024-01-01,2024-12-31,100.00%
13713,Nordrhein-Westfalen,13713.csv,Yes,2024-01-01,2024-12-31,100.00%
13776,Niedersachsen,13776.csv,No,,,0.00%
13777,Niedersachsen,13777.csv,Yes,2024-01-01,2024-12-31,100.00%
13904,Hamburg,13904.csv,No,,,0.00%
13965,Baden-Württemberg,13965.csv,Yes,2024-01-01,2024-12-31,100.00%
14003,Bayern,14003.csv,No,,,0.00%
14138,Brandenburg,14138.csv,No,,,0.00%
15000,Nordrhein-Westfalen,15000.csv,Yes,2024-01-01,2024-12-31,100.00%
15207,Hessen,15207.csv,Yes,2024-01-01,2024-12-31,100.00%
15444,Baden-Württemberg,15444.csv,Yes,2024-01-01,2024-12-31,100.00%
15555,Bayern,15555.csv,Yes,2024-01-01,2024-12-31,100.00%
15813,Niedersachsen,15813.csv,Yes,2024-01-01,2024-12-31,100.00%
19171,Schleswig-Holstein,19171.csv,Yes,2024-01-01,2024-12-31,100.00%
19172,Schleswig-Holstein,19172.csv,Yes,2024-01-01,2024-12-31,100.00%
19207,Mecklenburg-Vorpommern,19207.csv,Yes,2024-01-01,2024-12-31,100.00%
19856,Bayern,19856.csv,No,2024-08-01,2024-12-31,41.80%
